date;qty
01.09.2009;179667
02.09.2009;177670
03.09.2009;152112
04.09.2009;142938
05.09.2009;130741
06.09.2009;195866
07.09.2009;162560
08.09.2009;175382
09.09.2009;139323
10.09.2009;195388
11.09.2009;113806
12.09.2009;80009
13.09.2009;162270
14.09.2009;131001
15.09.2009;167366
16.09.2009;133252
17.09.2009;163392
18.09.2009;131881
19.09.2009;95233
20.09.2009;134325
21.09.2009;136637
22.09.2009;142415
23.09.2009;115107
24.09.2009;100087
25.09.2009;97076
26.09.2009;93977
27.09.2009;132807
28.09.2009;81813
29.09.2009;133216
30.09.2009;82787
01.10.2009;137265
02.10.2009;95467
03.10.2009;61521
04.10.2009;83576
05.10.2009;87239
06.10.2009;104735
07.10.2009;106690
08.10.2009;147322
09.10.2009;79056
10.10.2009;68071
11.10.2009;85294
12.10.2009;116639
13.10.2009;158384
14.10.2009;104573
15.10.2009;139175
16.10.2009;96893
17.10.2009;58306
18.10.2009;131872
19.10.2009;88409
20.10.2009;100495
21.10.2009;91384
22.10.2009;104801
23.10.2009;63994
24.10.2009;64599
25.10.2009;94448
26.10.2009;82291
27.10.2009;112596
28.10.2009;110199
29.10.2009;79084
30.10.2009;62060
31.10.2009;58374
01.11.2009;89741
02.11.2009;62857
03.11.2009;108959
04.11.2009;86681
05.11.2009;121397
06.11.2009;77167
07.11.2009;100554
08.11.2009;156914
09.11.2009;100380
10.11.2009;127164
11.11.2009;140952
12.11.2009;150750
13.11.2009;117565
14.11.2009;120945
15.11.2009;88307
16.11.2009;37
17.11.2009;98
18.11.2009;1444
19.11.2009;4222
20.11.2009;92
21.11.2009;20
22.11.2009;197
23.11.2009;26432
24.11.2009;167576
25.11.2009;157969
26.11.2009;124145
27.11.2009;60264
28.11.2009;42890
29.11.2009;44633
30.11.2009;73172
01.12.2009;95066
02.12.2009;104300
03.12.2009;72698
04.12.2009;77680
05.12.2009;52000
06.12.2009;64916
07.12.2009;36613
08.12.2009;66506
09.12.2009;66917
10.12.2009;61468
11.12.2009;32350
12.12.2009;30635
13.12.2009;64312
14.12.2009;57815
15.12.2009;83972
16.12.2009;77074
17.12.2009;105074
18.12.2009;87811
19.12.2009;80850
20.12.2009;116053
21.12.2009;106561
22.12.2009;165873
23.12.2009;96867
24.12.2009;107469
25.12.2009;72314
26.12.2009;66586
27.12.2009;125199
28.12.2009;91544
29.12.2009;76995
30.12.2009;97289
31.12.2009;41442
01.01.2010;0
02.01.2010;0
03.01.2010;39513
04.01.2010;93550
05.01.2010;175855
06.01.2010;100213
07.01.2010;52789
08.01.2010;39125
09.01.2010;70882
10.01.2010;99995
11.01.2010;100294
12.01.2010;78594
13.01.2010;31503
14.01.2010;64126
15.01.2010;72933
16.01.2010;66519
17.01.2010;103456
18.01.2010;116631
19.01.2010;113619
20.01.2010;61065
21.01.2010;90820
22.01.2010;118734
23.01.2010;94585
24.01.2010;194196
25.01.2010;169815
26.01.2010;150454
27.01.2010;92710
28.01.2010;142134
29.01.2010;98368
30.01.2010;106155
31.01.2010;180401
01.02.2010;193196
02.02.2010;182635
03.02.2010;82393
04.02.2010;151824
05.02.2010;108371
06.02.2010;109786
07.02.2010;174740
08.02.2010;80359
09.02.2010;109915
10.02.2010;110318
11.02.2010;151211
12.02.2010;120556
13.02.2010;88851
14.02.2010;165293
15.02.2010;124298
16.02.2010;192600
17.02.2010;135040
18.02.2010;103287
19.02.2010;130989
20.02.2010;103532
21.02.2010;228436
22.02.2010;175360
23.02.2010;235217
24.02.2010;126039
25.02.2010;132742
26.02.2010;119674
27.02.2010;129653
28.02.2010;239198
01.03.2010;156390
02.03.2010;238275
03.03.2010;186647
04.03.2010;177120
05.03.2010;152024
06.03.2010;116854
07.03.2010;237142
08.03.2010;116696
09.03.2010;173871
10.03.2010;88805
11.03.2010;149443
12.03.2010;190786
13.03.2010;115776
14.03.2010;183563
15.03.2010;128124
16.03.2010;177020
17.03.2010;132537
18.03.2010;124130
19.03.2010;100258
20.03.2010;48162
21.03.2010;111440
22.03.2010;82615
23.03.2010;118183
24.03.2010;136374
25.03.2010;110774
26.03.2010;69515
27.03.2010;81878
28.03.2010;117204
29.03.2010;83358
30.03.2010;131427
31.03.2010;88386
01.04.2010;202925
02.04.2010;107198
03.04.2010;95813
04.04.2010;170481
05.04.2010;149210
06.04.2010;204973
07.04.2010;188797
08.04.2010;175641
09.04.2010;171181
10.04.2010;80440
11.04.2010;170007
12.04.2010;119834
13.04.2010;191878
14.04.2010;176504
15.04.2010;216913
16.04.2010;168632
17.04.2010;165077
18.04.2010;196888
19.04.2010;164419
20.04.2010;223167
21.04.2010;181922
22.04.2010;166170
23.04.2010;162567
24.04.2010;113170
25.04.2010;230670
26.04.2010;159878
27.04.2010;176930
28.04.2010;183792
29.04.2010;149544
30.04.2010;107551
01.05.2010;129540
02.05.2010;144251
03.05.2010;100835
04.05.2010;164039
05.05.2010;112846
06.05.2010;103483
07.05.2010;100361
08.05.2010;91355
09.05.2010;143160
10.05.2010;84221
11.05.2010;165976
12.05.2010;112609
13.05.2010;128448
14.05.2010;102104
15.05.2010;106760
16.05.2010;164297
17.05.2010;146571
18.05.2010;141188
19.05.2010;173599
20.05.2010;145302
21.05.2010;104323
22.05.2010;70382
23.05.2010;174720
24.05.2010;84559
25.05.2010;153936
26.05.2010;133550
27.05.2010;130763
28.05.2010;69463
29.05.2010;85651
30.05.2010;125904
31.05.2010;72258
01.06.2010;175157
02.06.2010;130896
03.06.2010;116153
04.06.2010;69280
05.06.2010;66306
06.06.2010;144009
07.06.2010;79385
08.06.2010;121759
09.06.2010;90425
10.06.2010;109286
11.06.2010;63124
12.06.2010;86659
13.06.2010;145850
14.06.2010;68222
15.06.2010;149090
16.06.2010;113108
17.06.2010;69110
18.06.2010;77712
19.06.2010;92581
20.06.2010;172905
21.06.2010;96643
22.06.2010;197113
23.06.2010;194201
24.06.2010;107376
25.06.2010;56209
26.06.2010;96056
27.06.2010;120054
28.06.2010;117734
29.06.2010;147341
30.06.2010;152646
01.07.2010;92608
02.07.2010;104426
03.07.2010;115798
04.07.2010;163873
05.07.2010;145529
06.07.2010;174170
07.07.2010;126263
08.07.2010;114195
09.07.2010;75806
10.07.2010;116305
11.07.2010;147070
12.07.2010;131674
13.07.2010;193033
14.07.2010;135478
15.07.2010;63942
16.07.2010;118946
17.07.2010;100884
18.07.2010;192799
19.07.2010;139471
20.07.2010;210880
21.07.2010;132313
22.07.2010;68711
23.07.2010;75304
24.07.2010;97260
25.07.2010;176847
26.07.2010;180406
27.07.2010;228724
28.07.2010;233816
29.07.2010;218654
30.07.2010;131427
31.07.2010;134527
01.08.2010;207602
02.08.2010;165942
03.08.2010;253248
04.08.2010;203024
05.08.2010;156925
06.08.2010;147623
07.08.2010;175110
08.08.2010;242540
09.08.2010;209632
10.08.2010;255780
11.08.2010;268370
12.08.2010;144138
13.08.2010;166045
14.08.2010;112118
15.08.2010;264828
16.08.2010;194395
17.08.2010;229677
18.08.2010;286647
19.08.2010;212379
20.08.2010;184925
21.08.2010;159161
22.08.2010;260607
23.08.2010;229522
24.08.2010;288048
25.08.2010;255945
26.08.2010;302472
27.08.2010;257360
28.08.2010;117736
29.08.2010;226762
30.08.2010;254829
31.08.2010;283062
01.09.2010;261481
02.09.2010;337883
03.09.2010;291151
04.09.2010;223949
05.09.2010;237374
06.09.2010;256360
07.09.2010;244808
08.09.2010;237956
09.09.2010;317912
10.09.2010;183998
11.09.2010;242268
12.09.2010;180789
13.09.2010;193662
14.09.2010;234948
15.09.2010;218607
16.09.2010;236750
17.09.2010;240151
18.09.2010;209098
19.09.2010;200023
20.09.2010;210500
21.09.2010;227728
22.09.2010;280167
23.09.2010;254672
24.09.2010;179953
25.09.2010;178495
26.09.2010;147484
27.09.2010;188627
28.09.2010;177630
29.09.2010;211084
30.09.2010;220829
01.10.2010;115486
02.10.2010;211617
03.10.2010;192989
04.10.2010;222244
05.10.2010;248366
06.10.2010;225865
07.10.2010;219369
08.10.2010;177686
09.10.2010;170101
10.10.2010;223860
11.10.2010;209613
12.10.2010;182531
13.10.2010;236803
14.10.2010;211403
15.10.2010;118337
16.10.2010;214954
17.10.2010;163626
18.10.2010;257482
19.10.2010;237668
20.10.2010;232925
21.10.2010;210729
22.10.2010;153006
23.10.2010;191972
24.10.2010;151764
25.10.2010;204304
26.10.2010;155770
27.10.2010;200196
28.10.2010;205438
29.10.2010;121890
30.10.2010;194629
31.10.2010;179617
01.11.2010;157222
02.11.2010;183127
03.11.2010;199282
04.11.2010;133505
05.11.2010;88116
06.11.2010;116589
07.11.2010;120048
08.11.2010;128951
09.11.2010;119445
10.11.2010;192432
11.11.2010;121609
12.11.2010;65214
13.11.2010;100558
14.11.2010;136754
15.11.2010;108307
16.11.2010;5936
17.11.2010;432
18.11.2010;1183
19.11.2010;565
20.11.2010;1043
21.11.2010;490
22.11.2010;36566
23.11.2010;236127
24.11.2010;168658
25.11.2010;233196
26.11.2010;127409
27.11.2010;113874
28.11.2010;123925
29.11.2010;143211
30.11.2010;89287
01.12.2010;132541
02.12.2010;163844
03.12.2010;118225
04.12.2010;64366
05.12.2010;143682
06.12.2010;245036
07.12.2010;181188
08.12.2010;232893
09.12.2010;261150
10.12.2010;173086
11.12.2010;244916
12.12.2010;127034
13.12.2010;165612
14.12.2010;173052
15.12.2010;171731
16.12.2010;180757
17.12.2010;154992
18.12.2010;142639
19.12.2010;107842
20.12.2010;193239
21.12.2010;158338
22.12.2010;275377
23.12.2010;214225
24.12.2010;168212
25.12.2010;187737
26.12.2010;169128
27.12.2010;212016
28.12.2010;139642
29.12.2010;197007
30.12.2010;136511
31.12.2010;62538
01.01.2011;0
02.01.2011;44339
03.01.2011;149236
04.01.2011;250226
05.01.2011;281161
06.01.2011;199509
07.01.2011;108652
08.01.2011;245366
09.01.2011;225655
10.01.2011;169437
11.01.2011;158408
12.01.2011;228883
13.01.2011;138478
14.01.2011;203734
15.01.2011;197130
16.01.2011;262043
17.01.2011;241828
18.01.2011;207952
19.01.2011;255131
20.01.2011;124346
21.01.2011;204370
22.01.2011;181938
23.01.2011;190257
24.01.2011;261806
25.01.2011;234411
26.01.2011;556857
27.01.2011;233014
28.01.2011;260629
29.01.2011;217656
30.01.2011;221962
31.01.2011;255775
01.02.2011;221155
02.02.2011;256444
03.02.2011;204327
04.02.2011;169836
05.02.2011;227444
06.02.2011;217120
07.02.2011;212801
08.02.2011;288307
09.02.2011;293841
10.02.2011;370030
11.02.2011;316810
12.02.2011;228839
13.02.2011;238147
14.02.2011;237943
15.02.2011;215047
16.02.2011;282085
17.02.2011;330671
18.02.2011;337769
19.02.2011;247722
20.02.2011;308223
21.02.2011;276454
22.02.2011;329965
23.02.2011;238189
24.02.2011;301137
25.02.2011;241433
26.02.2011;269901
27.02.2011;291689
28.02.2011;357965
01.03.2011;294154
02.03.2011;336694
03.03.2011;336274
04.03.2011;284709
05.03.2011;286923
06.03.2011;317123
07.03.2011;253129
08.03.2011;209141
09.03.2011;304173
10.03.2011;331680
11.03.2011;230823
12.03.2011;245814
13.03.2011;321596
14.03.2011;329498
15.03.2011;295868
16.03.2011;334893
17.03.2011;306887
18.03.2011;300895
19.03.2011;286602
20.03.2011;254392
21.03.2011;339659
22.03.2011;241275
23.03.2011;370631
24.03.2011;310672
25.03.2011;236710
26.03.2011;234379
27.03.2011;211965
28.03.2011;242657
29.03.2011;198529
30.03.2011;249275
31.03.2011;205003
01.04.2011;118552
02.04.2011;181383
03.04.2011;214245
04.04.2011;220253
05.04.2011;224081
06.04.2011;274313
07.04.2011;294558
08.04.2011;225568
09.04.2011;259518
10.04.2011;264470
11.04.2011;225383
12.04.2011;223375
13.04.2011;289118
14.04.2011;266271
15.04.2011;158138
16.04.2011;259954
17.04.2011;222878
18.04.2011;237092
19.04.2011;317238
20.04.2011;261317
21.04.2011;295585
22.04.2011;254903
23.04.2011;230876
24.04.2011;226611
25.04.2011;235963
26.04.2011;250053
27.04.2011;280967
28.04.2011;287942
29.04.2011;256812
30.04.2011;206886
01.05.2011;237517
02.05.2011;257265
03.05.2011;240301
04.05.2011;317416
05.05.2011;260003
06.05.2011;278310
07.05.2011;259789
08.05.2011;261815
09.05.2011;200290
10.05.2011;304185
11.05.2011;280579
12.05.2011;285116
13.05.2011;170592
14.05.2011;204793
15.05.2011;248630
16.05.2011;226114
17.05.2011;258776
18.05.2011;202429
19.05.2011;257752
20.05.2011;160374
21.05.2011;187671
22.05.2011;224096
23.05.2011;199169
24.05.2011;225313
25.05.2011;181559
26.05.2011;249057
27.05.2011;138344
28.05.2011;252508
29.05.2011;239603
30.05.2011;211726
31.05.2011;216765
01.06.2011;203846
02.06.2011;225419
03.06.2011;190306
04.06.2011;211704
05.06.2011;209364
06.06.2011;200732
07.06.2011;203444
08.06.2011;214788
09.06.2011;278071
10.06.2011;136522
11.06.2011;175597
12.06.2011;210506
13.06.2011;138697
14.06.2011;244418
15.06.2011;184753
16.06.2011;164686
17.06.2011;218550
18.06.2011;203014
19.06.2011;201347
20.06.2011;244715
21.06.2011;207703
22.06.2011;206019
23.06.2011;263797
24.06.2011;135002
25.06.2011;145257
26.06.2011;159115
27.06.2011;142140
28.06.2011;193869
29.06.2011;246721
30.06.2011;215747
01.07.2011;281674
02.07.2011;213528
03.07.2011;226771
04.07.2011;336364
05.07.2011;342735
06.07.2011;346141
07.07.2011;338397
08.07.2011;288042
09.07.2011;253461
10.07.2011;330334
11.07.2011;254303
12.07.2011;384038
13.07.2011;261140
14.07.2011;300717
15.07.2011;366269
16.07.2011;351517
17.07.2011;248484
18.07.2011;325564
19.07.2011;309158
20.07.2011;304905
21.07.2011;295591
22.07.2011;337791
23.07.2011;223144
24.07.2011;240981
25.07.2011;290090
26.07.2011;331814
27.07.2011;474950
28.07.2011;292379
29.07.2011;265931
30.07.2011;230988
31.07.2011;312948
01.08.2011;231262
02.08.2011;254858
03.08.2011;321414
04.08.2011;296139
05.08.2011;204853
06.08.2011;202622
07.08.2011;225219
08.08.2011;272599
09.08.2011;304875
10.08.2011;249872
11.08.2011;312707
12.08.2011;199062
13.08.2011;280189
14.08.2011;248375
15.08.2011;358789
16.08.2011;472920
17.08.2011;333077
18.08.2011;419465
19.08.2011;378034
20.08.2011;272357
21.08.2011;283293
22.08.2011;285915
23.08.2011;353667
24.08.2011;309447
25.08.2011;332564
26.08.2011;309969
27.08.2011;289453
28.08.2011;240227
29.08.2011;322353
30.08.2011;278044
31.08.2011;260961
01.09.2011;266229
02.09.2011;301375
03.09.2011;247834
04.09.2011;213923
05.09.2011;283864
06.09.2011;250986
07.09.2011;340030
08.09.2011;282435
09.09.2011;333501
10.09.2011;298795
11.09.2011;273453
12.09.2011;245539
13.09.2011;272486
14.09.2011;328223
15.09.2011;323704
16.09.2011;311304
17.09.2011;304235
18.09.2011;257141
19.09.2011;327064
20.09.2011;307293
21.09.2011;335041
22.09.2011;265884
23.09.2011;350982
24.09.2011;249797
25.09.2011;263130
26.09.2011;302685
27.09.2011;248259
28.09.2011;341296
29.09.2011;336630
30.09.2011;332115
01.10.2011;228486
02.10.2011;266421
03.10.2011;259391
04.10.2011;318225
05.10.2011;253318
06.10.2011;300251
07.10.2011;306680
08.10.2011;247042
09.10.2011;297239
10.10.2011;298245
11.10.2011;257896
12.10.2011;234972
13.10.2011;299626
14.10.2011;228495
15.10.2011;167239
16.10.2011;228423
17.10.2011;242031
18.10.2011;244232
19.10.2011;272348
20.10.2011;277256
21.10.2011;238865
22.10.2011;288835
23.10.2011;241535
24.10.2011;225029
25.10.2011;242886
26.10.2011;241087
27.10.2011;295708
28.10.2011;202702
29.10.2011;189279
30.10.2011;174627
31.10.2011;186288
01.11.2011;252951
02.11.2011;197143
03.11.2011;228429
04.11.2011;63594
05.11.2011;157398
06.11.2011;204553
07.11.2011;173184
08.11.2011;189711
09.11.2011;226526
10.11.2011;216238
11.11.2011;186838
12.11.2011;160543
13.11.2011;227928
14.11.2011;235547
15.11.2011;52989
16.11.2011;58330
17.11.2011;59431
18.11.2011;41475
19.11.2011;19359
20.11.2011;54615
21.11.2011;221850
22.11.2011;267273
23.11.2011;233373
24.11.2011;192497
25.11.2011;239740
26.11.2011;309994
27.11.2011;357947
28.11.2011;316593
29.11.2011;362831
30.11.2011;285481
01.12.2011;357554
02.12.2011;311014
03.12.2011;230111
04.12.2011;327787
05.12.2011;419577
06.12.2011;216661
07.12.2011;530421
08.12.2011;442274
09.12.2011;404510
10.12.2011;316791
11.12.2011;312235
12.12.2011;300008
13.12.2011;381875
14.12.2011;353202
15.12.2011;476101
16.12.2011;222575
17.12.2011;176819
18.12.2011;265509
19.12.2011;327873
20.12.2011;285899
21.12.2011;316216
22.12.2011;312975
23.12.2011;268789
24.12.2011;211129
25.12.2011;222943
26.12.2011;374590
27.12.2011;383625
28.12.2011;351943
29.12.2011;194687
30.12.2011;118468
31.12.2011;10575
01.01.2012;0
02.01.2012;35508
03.01.2012;137083
04.01.2012;418577
05.01.2012;371802
06.01.2012;323474
07.01.2012;286947
08.01.2012;432602
09.01.2012;306608
10.01.2012;288699
11.01.2012;287812
12.01.2012;283616
13.01.2012;196278
14.01.2012;216611
15.01.2012;323022
16.01.2012;374033
17.01.2012;438136
18.01.2012;304743
19.01.2012;306106
20.01.2012;206694
21.01.2012;265784
22.01.2012;394871
23.01.2012;396334
24.01.2012;333297
25.01.2012;393098
26.01.2012;353945
27.01.2012;213455
28.01.2012;232289
29.01.2012;351524
30.01.2012;477664
31.01.2012;358491
01.02.2012;390163
02.02.2012;383924
03.02.2012;340434
04.02.2012;284990
05.02.2012;369513
06.02.2012;475347
07.02.2012;330817
08.02.2012;377179
09.02.2012;418755
10.02.2012;261105
11.02.2012;235198
12.02.2012;350998
13.02.2012;272184
14.02.2012;378679
15.02.2012;320730
16.02.2012;370514
17.02.2012;393586
18.02.2012;297864
19.02.2012;287918
20.02.2012;440820
21.02.2012;401175
22.02.2012;420441
23.02.2012;278192
24.02.2012;326431
25.02.2012;313258
26.02.2012;308794
27.02.2012;457732
28.02.2012;391312
29.02.2012;447869
01.03.2012;368104
02.03.2012;337572
03.03.2012;269830
04.03.2012;289228
05.03.2012;438463
06.03.2012;303476
07.03.2012;312359
08.03.2012;361061
09.03.2012;185655
10.03.2012;232352
11.03.2012;375896
12.03.2012;307408
13.03.2012;230252
14.03.2012;361286
15.03.2012;358726
16.03.2012;215981
17.03.2012;243332
18.03.2012;254908
19.03.2012;315344
20.03.2012;302898
21.03.2012;266382
22.03.2012;280206
23.03.2012;211506
24.03.2012;213346
25.03.2012;203415
26.03.2012;285115
27.03.2012;217648
28.03.2012;303666
29.03.2012;319104
30.03.2012;307243
31.03.2012;242426
01.04.2012;225557
02.04.2012;282949
03.04.2012;260271
04.04.2012;295621
05.04.2012;298234
06.04.2012;276602
07.04.2012;277276
08.04.2012;261990
09.04.2012;343937
10.04.2012;319263
11.04.2012;324142
12.04.2012;380155
13.04.2012;280225
14.04.2012;302395
15.04.2012;278975
16.04.2012;306716
17.04.2012;318404
18.04.2012;387852
19.04.2012;317756
20.04.2012;346025
21.04.2012;310085
22.04.2012;344618
23.04.2012;358541
24.04.2012;316278
25.04.2012;315691
26.04.2012;421333
27.04.2012;370218
28.04.2012;336578
29.04.2012;342818
30.04.2012;343553
01.05.2012;332442
02.05.2012;311082
03.05.2012;295934
04.05.2012;285594
05.05.2012;338759
06.05.2012;292399
07.05.2012;339299
08.05.2012;352260
09.05.2012;230213
10.05.2012;298833
11.05.2012;327931
12.05.2012;205086
13.05.2012;238481
14.05.2012;325769
15.05.2012;297292
16.05.2012;294646
17.05.2012;311812
18.05.2012;292704
19.05.2012;241114
20.05.2012;301340
21.05.2012;361181
22.05.2012;273244
23.05.2012;286429
24.05.2012;351446
25.05.2012;292379
26.05.2012;303479
27.05.2012;300293
28.05.2012;329787
29.05.2012;314255
30.05.2012;240662
31.05.2012;330506
01.06.2012;406209
02.06.2012;288222
03.06.2012;288104
04.06.2012;299241
05.06.2012;243245
06.06.2012;207574
07.06.2012;181652
08.06.2012;314775
09.06.2012;216073
10.06.2012;135611
11.06.2012;177896
12.06.2012;237546
13.06.2012;326564
14.06.2012;207417
15.06.2012;174555
16.06.2012;231661
17.06.2012;204862
18.06.2012;335298
19.06.2012;398783
20.06.2012;287363
21.06.2012;261721
22.06.2012;356320
23.06.2012;265173
24.06.2012;322503
25.06.2012;402261
26.06.2012;490172
27.06.2012;327749
28.06.2012;259505
29.06.2012;295869
30.06.2012;252154
01.07.2012;257373
02.07.2012;456316
03.07.2012;369912
04.07.2012;362074
05.07.2012;320345
06.07.2012;370741
07.07.2012;315892
08.07.2012;299385
09.07.2012;306889
10.07.2012;307851
11.07.2012;288697
12.07.2012;306747
13.07.2012;338522
14.07.2012;241219
15.07.2012;221593
16.07.2012;344073
17.07.2012;306874
18.07.2012;348333
19.07.2012;313732
20.07.2012;397343
21.07.2012;238005
22.07.2012;250442
23.07.2012;352866
24.07.2012;299138
25.07.2012;417972
26.07.2012;366312
27.07.2012;337044
28.07.2012;448016
29.07.2012;300238
30.07.2012;385510
31.07.2012;395698
01.08.2012;368713
02.08.2012;342137
03.08.2012;460680
04.08.2012;299262
05.08.2012;296895
06.08.2012;452668
07.08.2012;391158
08.08.2012;358459
09.08.2012;397008
10.08.2012;381971
11.08.2012;369605
12.08.2012;362474
13.08.2012;391415
14.08.2012;364897
15.08.2012;340976
16.08.2012;318307
17.08.2012;474759
18.08.2012;336453
19.08.2012;280186
20.08.2012;356540
21.08.2012;285916
22.08.2012;328837
23.08.2012;413916
24.08.2012;433006
25.08.2012;378822
26.08.2012;390284
27.08.2012;390749
28.08.2012;455262
29.08.2012;342034
30.08.2012;242450
31.08.2012;408912
01.09.2012;378518
02.09.2012;305409
03.09.2012;384719
04.09.2012;417010
05.09.2012;418260
06.09.2012;344760
07.09.2012;429087
08.09.2012;284265
09.09.2012;282095
10.09.2012;379636
11.09.2012;341578
12.09.2012;360727
13.09.2012;371628
14.09.2012;535698
15.09.2012;305309
16.09.2012;236369
17.09.2012;385634
18.09.2012;402358
19.09.2012;379863
20.09.2012;403447
21.09.2012;378646
22.09.2012;345859
23.09.2012;345407
24.09.2012;404148
25.09.2012;412295
26.09.2012;406874
27.09.2012;293435
28.09.2012;343285
29.09.2012;283869
30.09.2012;337026
01.10.2012;332047
02.10.2012;378122
03.10.2012;394379
04.10.2012;420914
05.10.2012;407245
06.10.2012;385179
07.10.2012;404115
08.10.2012;450297
09.10.2012;470008
10.10.2012;426472
11.10.2012;320083
12.10.2012;507243
13.10.2012;356633
14.10.2012;285725
15.10.2012;340161
16.10.2012;422107
17.10.2012;320074
18.10.2012;268389
19.10.2012;420151
20.10.2012;302903
21.10.2012;388297
22.10.2012;459026
23.10.2012;368724
24.10.2012;376664
25.10.2012;335580
26.10.2012;338193
27.10.2012;251651
28.10.2012;330914
29.10.2012;426493
30.10.2012;328758
31.10.2012;287274
01.11.2012;398647
02.11.2012;367155
03.11.2012;320362
04.11.2012;316503
05.11.2012;283214
06.11.2012;335058
07.11.2012;327631
08.11.2012;223894
09.11.2012;306459
10.11.2012;163418
11.11.2012;218698
12.11.2012;245995
13.11.2012;290100
14.11.2012;181772
15.11.2012;240936
16.11.2012;206425
17.11.2012;130970
18.11.2012;241208
19.11.2012;267003
20.11.2012;18079
21.11.2012;13038
22.11.2012;37127
23.11.2012;235980
24.11.2012;260352
25.11.2012;362319
26.11.2012;392676
27.11.2012;358929
28.11.2012;237677
29.11.2012;170627
30.11.2012;195820
01.12.2012;167437
02.12.2012;211275
03.12.2012;404053
04.12.2012;117484
05.12.2012;352244
06.12.2012;245853
07.12.2012;467986
08.12.2012;307318
09.12.2012;363392
10.12.2012;370562
11.12.2012;319859
12.12.2012;277680
13.12.2012;338251
14.12.2012;363992
15.12.2012;266850
16.12.2012;300260
17.12.2012;445919
18.12.2012;400379
19.12.2012;311133
20.12.2012;272477
21.12.2012;349328
22.12.2012;313446
23.12.2012;288600
24.12.2012;325644
25.12.2012;305115
26.12.2012;265283
27.12.2012;283194
28.12.2012;327721
29.12.2012;263364
30.12.2012;90894
31.12.2012;154657
01.01.2013;0
02.01.2013;54364
03.01.2013;304856
04.01.2013;288690
05.01.2013;279140
06.01.2013;344070
07.01.2013;322119
08.01.2013;305687
09.01.2013;380852
10.01.2013;349689
11.01.2013;324941
12.01.2013;170665
13.01.2013;324703
14.01.2013;408735
15.01.2013;336135
16.01.2013;380582
17.01.2013;327930
18.01.2013;363692
19.01.2013;346168
20.01.2013;268996
21.01.2013;361446
22.01.2013;338469
23.01.2013;349818
24.01.2013;250093
25.01.2013;350202
26.01.2013;293745
27.01.2013;299766
28.01.2013;420196
29.01.2013;427867
30.01.2013;368107
31.01.2013;339925
01.02.2013;463132
02.02.2013;303295
03.02.2013;348100
04.02.2013;368461
05.02.2013;378890
06.02.2013;585347
07.02.2013;458996
08.02.2013;460961
09.02.2013;230474
10.02.2013;397513
11.02.2013;365487
12.02.2013;423846
13.02.2013;280790
14.02.2013;378108
15.02.2013;500992
16.02.2013;350824
17.02.2013;466926
18.02.2013;466122
19.02.2013;471468
20.02.2013;452039
21.02.2013;383388
22.02.2013;608887
23.02.2013;353351
24.02.2013;378718
25.02.2013;442699
26.02.2013;408756
27.02.2013;487228
28.02.2013;542738
01.03.2013;588216
02.03.2013;334891
03.03.2013;335943
04.03.2013;535602
05.03.2013;535072
06.03.2013;504323
07.03.2013;527705
08.03.2013;498490
09.03.2013;376262
10.03.2013;328108
11.03.2013;483654
12.03.2013;489653
13.03.2013;421333
14.03.2013;501323
15.03.2013;453931
16.03.2013;346874
17.03.2013;412648
18.03.2013;450258
19.03.2013;331141
20.03.2013;407766
21.03.2013;340991
22.03.2013;395623
23.03.2013;238693
24.03.2013;270846
25.03.2013;417195
26.03.2013;510923
27.03.2013;475978
28.03.2013;347882
29.03.2013;531935
30.03.2013;259405
31.03.2013;448990
01.04.2013;450279
02.04.2013;369166
03.04.2013;513582
04.04.2013;376125
05.04.2013;380755
06.04.2013;286128
07.04.2013;397984
08.04.2013;390240
09.04.2013;353578
10.04.2013;493011
11.04.2013;499431
12.04.2013;519636
13.04.2013;274215
14.04.2013;432198
15.04.2013;490616
16.04.2013;410925
17.04.2013;468853
18.04.2013;421163
19.04.2013;500711
20.04.2013;304191
21.04.2013;447326
22.04.2013;537148
23.04.2013;510885
24.04.2013;439137
25.04.2013;424823
26.04.2013;655787
27.04.2013;368832
28.04.2013;498804
29.04.2013;527451
30.04.2013;456170
01.05.2013;480894
02.05.2013;513508
03.05.2013;490271
04.05.2013;325598
05.05.2013;426020
06.05.2013;378983
07.05.2013;346729
08.05.2013;381113
09.05.2013;372391
10.05.2013;467211
11.05.2013;321504
12.05.2013;426690
13.05.2013;460006
14.05.2013;331031
15.05.2013;436721
16.05.2013;455648
17.05.2013;470807
18.05.2013;350218
19.05.2013;390599
20.05.2013;484926
21.05.2013;425130
22.05.2013;392982
23.05.2013;443339
24.05.2013;383223
25.05.2013;329984
26.05.2013;476307
27.05.2013;471591
28.05.2013;302999
29.05.2013;381940
30.05.2013;353087
31.05.2013;309425
01.06.2013;237838
02.06.2013;367173
03.06.2013;371743
04.06.2013;344731
05.06.2013;361023
06.06.2013;348629
07.06.2013;331755
08.06.2013;321169
09.06.2013;425506
10.06.2013;438946
11.06.2013;293543
12.06.2013;258703
13.06.2013;287707
14.06.2013;405447
15.06.2013;225800
16.06.2013;390792
17.06.2013;562688
18.06.2013;430307
19.06.2013;542609
20.06.2013;425425
21.06.2013;495211
22.06.2013;369141
23.06.2013;458762
24.06.2013;506233
25.06.2013;454842
26.06.2013;422922
27.06.2013;387090
28.06.2013;339241
29.06.2013;230885
30.06.2013;402042
01.07.2013;493772
02.07.2013;442415
03.07.2013;448432
04.07.2013;332992
05.07.2013;500888
06.07.2013;326304
07.07.2013;438415
08.07.2013;598314
09.07.2013;414287
10.07.2013;408415
11.07.2013;368623
12.07.2013;411508
13.07.2013;532838
14.07.2013;480924
15.07.2013;429089
16.07.2013;510525
17.07.2013;473519
18.07.2013;444106
19.07.2013;570872
20.07.2013;468076
21.07.2013;513340
22.07.2013;501454
23.07.2013;509570
24.07.2013;513981
25.07.2013;472813
26.07.2013;480093
27.07.2013;376845
28.07.2013;366442
29.07.2013;458692
30.07.2013;368108
31.07.2013;441807
01.08.2013;435782
02.08.2013;384658
03.08.2013;480615
04.08.2013;515164
05.08.2013;580958
06.08.2013;508223
07.08.2013;456617
08.08.2013;484143
09.08.2013;606278
10.08.2013;421287
11.08.2013;440634
12.08.2013;492631
13.08.2013;436283
14.08.2013;428666
15.08.2013;510159
16.08.2013;158296
17.08.2013;214984
18.08.2013;216928
19.08.2013;225255
20.08.2013;411807
21.08.2013;446236
22.08.2013;405840
23.08.2013;484864
24.08.2013;409094
25.08.2013;482649
26.08.2013;506103
27.08.2013;491156
28.08.2013;470188
29.08.2013;484149
30.08.2013;528361
31.08.2013;534593
01.09.2013;493093
02.09.2013;597027
03.09.2013;823230
04.09.2013;525168
05.09.2013;406702
06.09.2013;443349
07.09.2013;449259
08.09.2013;523167
09.09.2013;544829
10.09.2013;466093
11.09.2013;351603
12.09.2013;434398
13.09.2013;507626
14.09.2013;403604
15.09.2013;365814
16.09.2013;530243
17.09.2013;446591
18.09.2013;524213
19.09.2013;468554
20.09.2013;489568
21.09.2013;434333
22.09.2013;497218
23.09.2013;434981
24.09.2013;702610
25.09.2013;549397
26.09.2013;517056
27.09.2013;548184
28.09.2013;429539
29.09.2013;532449
30.09.2013;529031
01.10.2013;745040
02.10.2013;604732
03.10.2013;493325
04.10.2013;443953
05.10.2013;588860
06.10.2013;462455
07.10.2013;486251
08.10.2013;646107
09.10.2013;530204
10.10.2013;478914
11.10.2013;421855
12.10.2013;375101
13.10.2013;405162
14.10.2013;476727
15.10.2013;480447
16.10.2013;457894
17.10.2013;390547
18.10.2013;370533
19.10.2013;315385
20.10.2013;380209
21.10.2013;454237
22.10.2013;392834
23.10.2013;403683
24.10.2013;335478
25.10.2013;396574
26.10.2013;283406
27.10.2013;391441
28.10.2013;447971
29.10.2013;349907
30.10.2013;311070
31.10.2013;334941
01.11.2013;345850
02.11.2013;285226
03.11.2013;310352
04.11.2013;305949
05.11.2013;248369
06.11.2013;46053
07.11.2013;24337
08.11.2013;20451
09.11.2013;84815
10.11.2013;431785
11.11.2013;592507
12.11.2013;414961
13.11.2013;316300
14.11.2013;411169
15.11.2013;347178
16.11.2013;200350
17.11.2013;267294
18.11.2013;328318
19.11.2013;329345
20.11.2013;314063
21.11.2013;266950
22.11.2013;391905
23.11.2013;271921
24.11.2013;354693
25.11.2013;535095
26.11.2013;490400
27.11.2013;415875
28.11.2013;320717
29.11.2013;444416
30.11.2013;323577
01.12.2013;350790
02.12.2013;527804
03.12.2013;595984
04.12.2013;488064
05.12.2013;351479
06.12.2013;477450
07.12.2013;295091
08.12.2013;438717
09.12.2013;533061
10.12.2013;642102
11.12.2013;425254
12.12.2013;546827
13.12.2013;479940
14.12.2013;503617
15.12.2013;365697
16.12.2013;606152
17.12.2013;471549
18.12.2013;522058
19.12.2013;413624
20.12.2013;480203
21.12.2013;535526
22.12.2013;454331
23.12.2013;454396
24.12.2013;575197
25.12.2013;536475
26.12.2013;476903
27.12.2013;462237
28.12.2013;515826
29.12.2013;517883
30.12.2013;314919
31.12.2013;96036
02.01.2014;47727
03.01.2014;519495
04.01.2014;516047
05.01.2014;542076
